{
  "test_bleu": 4.225948289248757,
  "best_valid_bleu": 6.2437988038540455
}